Document No.,Tags,Title,Author,Co-author,Approved Date,File
1,Ordinance,Noise Control Ordinance,John Doe,Jane Smith,15/01/2024,
2,Zoning,Residential Zoning Regulations,Mary Johnson,Robert Brown,10/02/2024,
3,Safety,Fire Safety Regulations,Alex White,Sarah Green,05/03/2024,
4,Health,Public Health Ordinance,Laura Black,Tom Wilson,20/03/2024,
5,Environment,Waste Management Ordinance,Emily Davis,Kevin Martin,15/04/2024,
6,Traffic,Traffic Control Ordinance,Daniel Lee,Lisa Chen,01/05/2024,
7,Education,School Zone Regulations,David Clark,Rachel Adams,10/05/2024,
8,Parks,Community Park Usage Ordinance,Jessica Hall,Brian Young,05/06/2024,
9,Finance,Local Business Tax Ordinance,Chris King,Anna Scott,20/06/2024,
10,Building,Building Codes and Permits,Mike Allen,Kathy White,10/07/2024,
11,Employment,Local Hiring Preference Ordinance,Karen Moore,Jack Taylor,25/07/2024,
12,Agriculture,Agricultural Land Use Ordinance,Greg Harris,Ashley Lewis,05/08/2024,
13,Public Safety,Emergency Response Ordinance,Megan Hall,Frank Nelson,15/08/2024,
14,Youth,Youth Protection Ordinance,Chris Martin,Sophia Young,01/09/2024,
15,Historic,Historic Preservation Ordinance,George Taylor,Nancy White,10/09/2024,
16,Arts,Public Art Ordinance,Angela Green,Bruce Adams,20/09/2024,
17,Transportation,Public Transport Improvement,Michael Brown,Olivia Harris,05/10/2024,
18,Housing,Affordable Housing Ordinance,Sarah Johnson,William Lee,15/10/2024,
19,Community,Community Engagement Ordinance,Emma Johnson,Matthew Walker,25/10/2024,
20,Environment,Air Quality Standards Ordinance,Daniel Smith,Laura Kim,01/11/2024,
21,Wildlife,Wildlife Conservation Ordinance,Patrick Harris,Jessica Taylor,10/11/2024,
22,Taxation,Local Tax Incentives Ordinance,Christine Lee,Brian Clark,20/11/2024,
23,Construction,Construction Safety Ordinance,Nathan Brown,Emily Davis,01/12/2024,
24,Public Works,Public Works Management Ordinance,Robert Smith,Julia Turner,10/12/2024,
25,Crime,Anti-Crime Ordinance,Alex Johnson,Sara Lee,20/12/2024,
26,Transportation,Bicycle Safety Ordinance,Jessica Williams,Paul Johnson,01/01/2025,
27,Disaster,Disaster Preparedness Ordinance,Brian Brown,Megan White,10/01/2025,
28,Elderly,Senior Citizen Support Ordinance,Karen Smith,Robert Davis,20/01/2025,
29,Mental Health,Mental Health Awareness Ordinance,David Harris,Lisa Moore,01/02/2025,
30,Food,Food Safety Regulations,Emily Johnson,Richard Lee,10/02/2025,
31,Family,Family Support Services Ordinance,John White,Patricia Martin,20/02/2025,
32,Public Health,Vaccination Requirement Ordinance,Michelle Brown,William Young,01/03/2025,
33,Environment,Plastic Bag Ban Ordinance,Amanda Clark,Jake Green,10/03/2025,
34,Cybersecurity,Cybersecurity Ordinance,Greg White,Susan Harris,20/03/2025,
35,Water,Water Conservation Ordinance,Sarah Brown,Tom Johnson,01/04/2025,
36,Drug Policy,Drug-Free Zone Ordinance,Chris Johnson,Anna Taylor,10/04/2025,
37,Commerce,Local Market Ordinance,Laura Smith,Kevin Walker,20/04/2025,
38,Sports,Local Sports Development Ordinance,Daniel Johnson,Michelle Lee,01/05/2025,
39,Transportation,Traffic Safety Ordinance,Rachel Johnson,Jack Harris,10/05/2025,
40,Community,Neighborhood Watch Ordinance,Emily Johnson,Robert Lee,20/05/2025,
41,Housing,Rental Property Regulations,Chris Brown,Lisa Johnson,01/06/2025,
42,Infrastructure,Infrastructure Improvement Ordinance,Megan Smith,John Williams,10/06/2025,
43,Child Welfare,Child Protection Ordinance,Sarah Johnson,Paul Clark,20/06/2025,
44,Animal Control,Animal Control Ordinance,Daniel Brown,Laura Taylor,01/07/2025,
45,Education,Library Funding Ordinance,Michelle Davis,Chris White,10/07/2025,
46,Recreation,Recreational Facilities Ordinance,Robert Johnson,Jessica Harris,20/07/2025,
47,Environmental,Environmental Review Ordinance,Anna Lee,Frank Martin,01/08/2025,
48,Public Safety,Neighborhood Safety Ordinance,Tom Johnson,Sarah Adams,10/08/2025,
49,Transparency,Government Transparency Ordinance,Karen Smith,Robert Lee,20/08/2025,
50,Cultural,Cultural Heritage Ordinance,Emily Brown,Matthew Young,01/09/2025,
